{
    "aboutMe": {
      "bio": "I'm a front-end developer with a passion for creating user-friendly websites.",
      "headshot": "dist/images/about.jpg"
    },
    "projects": [
      {
        "title": "E-Commerce Platform",
        "description": "A full-featured e-commerce platform.",
        "tags": ["React", "Node.js", "MongoDB"],
        "image": "dist/images/29a3bc32-d136-415a-9fec-1f373328b0bf.jpg"
      },
      {
        "title": "Task Manager App",
        "description": "A productivity app for organizing tasks.",
        "tags": ["Vue.js", "Firebase"],
        "image": "dist/images/3f8ba508-6556-4e4b-b436-e3712c6dcc4e.jpg"
      }
    ]
  }
  